unique_id,Strata
1A1,2
2A1,2
3A1,2
4A1,2
5A1,2
6A1,2
7A1,2
8A1,2
10A1,2
11A1,2
12A1,2
13A1,2
14A1,2
15A1,1
16A1,1
17A1,2
18A1,2
19A1,2
20A1,2
21A1,2
22A1,2
23A1,2
24A1,2
25A1,2
26A1,1
28A1,2
29A1,2
30A1,1
31A1,2
32A1,2
34A1,2
35A1,2
36A1,2
37A1,1
38A1,1
39A1,2
40A1,2
41A1,2
42A1,2
43A1,2
44A1,2
45A1,2
47A1,2
48A1,3
49A1,3
50A1,2
51A1,3
52A1,2
53A1,2
54A1,2
55A1,2
57A1,2
58A1,2
61A1,2
62A1,2
63A1,2
64A1,1
65A1,2
67A1,1
68A1,2
69A1,2
70A1,2
71A1,2
72A1,2
73A1,1
74A1,2
75A1,2
76A1,2
77A1,2
78A1,2
79A1,2
80A1,2
81A1,2
82A1,2
83A1,3
84A1,2
85A1,2
86A1,1
87A1,2
88A1,2
90A1,2
91A1,2
93A1,2
94A1,2
95A1,2
96A1,2
97A1,1
98A1,1
99A1,3
100A1,2
101A1,2
103A1,2
104A1,2
105A1,1
106A1,3
107A1,2
108A1,2
109A1,2
110A1,2
111A1,1
112A1,2
113A1,1
114A1,2
115A1,2
117A1,2
118A1,2
119A1,2
120A1,1
121A1,2
122A1,2
123A1,2
124A1,2
125A1,1
126A1,2
127A1,2
128A1,2
130A1,2
131A1,2
132A1,2
133A1,2
134A1,2
136A1,3
137A1,1
138A1,2
139A1,2
140A1,1
141A1,1
142A1,1
143A1,2
144A1,2
145A1,2
146A1,2
147A1,2
148A1,2
149A1,2
150A1,2
152A1,2
153A1,2
154A1,2
155A1,2
156A1,2
157A1,2
158A1,2
159A1,2
160A1,2
161A1,2
162A1,2
163A1,2
164A1,1
165A1,2
166A1,2
167A1,1
168A1,2
170A1,2
171A1,2
172A1,3
173A1,2
174A1,2
175A1,2
176A1,2
177A1,2
178A1,3
179A1,2
180A1,2
182A1,1
183A1,2
184A1,2
185A1,2
186A1,2
187A1,1
188A1,2
189A1,2
190A1,2
191A1,2
192A1,2
193A1,2
194A1,2
195A1,1
196A1,3
197A1,2
198A1,2
199A1,2
200A1,2
201A1,1
202A1,2
203A1,2
204A1,2
207A1,2
208A1,2
209A1,2
211A1,2
212A1,2
213A1,2
214A1,3
215A1,2
216A1,2
217A1,2
218A1,2
219A1,2
220A1,2
221A1,2
222A1,2
223A1,2
224A1,2
225A1,2
226A1,2
227A1,2
228A1,2
229A1,3
230A1,2
232A1,2
233A1,2
234A1,2
235A1,2
236A1,2
237A1,2
238A1,2
239A1,2
241A1,2
242A1,2
243A1,2
245A1,2
246A1,2
247A1,2
248A1,3
249A1,2
250A1,2
251A1,2
252A1,2
253A1,2
254A1,2
255A1,3
256A1,2
257A1,2
258A1,2
259A1,2
260A1,3
261A1,1
262A1,2
263A1,2
264A1,5
266A1,2
267A1,2
269A1,2
271A1,2
273A1,2
274A1,2
277A1,2
278A1,2
279A1,2
280A1,2
281A1,2
282A1,2
283A1,2
284A1,2
285A1,2
286A1,2
287A1,2
288A1,5
289A1,2
290A1,2
291A1,2
292A1,1
293A1,2
294A1,2
295A1,1
296A1,2
297A1,3
298A1,2
299A1,2
301A1,2
302A1,1
303A1,2
305A1,2
306A1,2
307A1,2
309A1,2
310A1,2
311A1,2
313A1,2
314A1,2
315A1,3
316A1,2
317A1,1
318A1,2
319A1,2
320A1,2
321A1,1
322A1,2
323A1,1
324A1,2
325A1,2
327A1,3
328A1,2
329A1,2
330A1,2
333A1,2
335A1,2
337A1,2
338A1,2
339A1,2
340A1,1
341A1,2
342A1,3
343A1,2
345A1,2
346A1,2
347A1,1
349A1,2
350A1,2
351A1,2
352A1,2
353A1,2
355A1,2
356A1,2
357A1,2
358A1,1
359A1,2
361A1,2
362A1,2
363A1,2
365A1,2
366A1,3
367A1,1
369A1,2
371A1,2
372A1,2
373A1,2
374A1,2
375A1,2
376A1,1
377A1,2
378A1,2
379A1,2
380A1,2
381A1,2
382A1,2
383A1,2
384A1,2
385A1,2
386A1,2
387A1,2
388A1,2
390A1,2
391A1,3
392A1,2
393A1,2
394A1,2
395A1,2
396A1,1
397A1,2
399A1,3
400A1,2
401A1,6
402A1,6
403A1,6
404A1,6
405A1,5
406A1,6
407A1,6
408A1,6
409A1,6
410A1,5
411A1,5
412A1,6
413A1,6
414A1,6
415A1,6
416A1,5
417A1,5
418A1,5
419A1,5
420A1,5
421A1,5
422A1,6
423A1,5
424A1,6
425A1,5
429A1,4
432A1,4
436A1,4
437A1,4
438A1,4
439A1,4
440A1,4
1B1,2
1C1,1
1D1,2
2B1,2
2C1,2
2D1,3
3B1,2
3C1,2
3D1,2
4B1,2
4C1,2
4D1,2
5B1,2
5C1,2
5D1,2
6B1,2
6C1,2
6D1,3
7B1,2
7C1,2
7D1,2
8B1,2
9B1,2
9C1,2
9D1,2
10B1,2
10C1,2
10D1,2
11B1,2
11C1,2
11D1,2
12B1,2
12C1,2
12D1,2
13B1,2
13C1,2
13D1,2
14B1,2
14C1,2
14D1,2
15B1,1
15C1,2
15D1,2
16B1,1
16C1,1
16D1,2
17B1,2
17C1,2
17D1,2
18B1,2
18C1,2
18D1,2
19B1,2
19C1,2
19D1,2
20B1,2
20C1,2
20D1,2
21B1,2
21C1,2
21D1,2
22B1,2
22D1,2
23B1,2
23C1,2
23D1,2
24B1,2
24C1,2
25B1,2
25C1,2
25D1,2
26B1,1
26C1,1
26D1,1
27B1,2
27C1,2
27D1,2
28B1,2
28C1,3
28D1,2
29B1,2
29C1,2
29D1,2
30B1,1
30C1,1
30D1,1
31C1,2
32B1,2
32D1,2
33B1,2
33D1,2
34B1,2
34C1,3
34D1,2
35B1,2
35C1,2
35D1,2
36B1,2
36C1,2
36D1,2
37B1,1
37C1,2
37D1,2
38B1,1
38C1,1
38D1,1
39B1,2
39C1,3
39D1,2
40B1,2
40C1,2
40D1,2
41B1,2
41C1,2
41D1,2
42B1,2
42C1,2
42D1,2
43B1,2
43C1,2
43D1,2
44B1,2
44C1,2
44D1,2
45B1,2
45C1,2
45D1,2
46B1,3
46D1,2
47B1,2
47D1,2
48B1,2
48D1,2
49B1,2
49C1,3
49D1,3
50B1,2
50C1,2
50D1,2
51B1,2
52B1,2
52C1,2
53B1,2
53C1,2
53D1,2
54B1,2
54C1,2
54D1,2
55B1,1
55C1,1
55D1,1
56C1,2
56D1,2
57B1,2
57C1,2
57D1,2
58B1,2
58C1,2
58D1,2
59B1,2
59C1,2
60B1,3
60C1,2
60D1,2
61B1,2
61C1,2
61D1,2
62B1,2
62C1,2
62D1,2
63B1,2
63C1,2
63D1,2
64B1,1
64C1,1
64D1,1
65B1,2
65C1,2
65D1,2
66C1,2
66D1,2
67B1,1
67C1,1
67D1,1
68B1,2
68C1,2
68D1,2
69C1,2
69D1,2
70B1,2
70C1,3
70D1,2
71B1,2
71C1,2
71D1,2
72B1,3
72C1,2
72D1,2
73B1,1
73C1,1
73D1,1
74B1,2
74C1,2
74D1,2
75B1,2
75D1,2
76B1,2
76C1,2
76D1,2
78B1,2
78C1,2
78D1,2
79B1,2
79C1,2
80B1,2
80C1,2
80D1,2
81B1,2
81D1,2
82B1,2
82C1,2
82D1,2
83B1,2
83C1,2
83D1,2
84B1,2
84C1,2
84D1,2
85B1,2
85C1,2
85D1,2
86B1,1
86C1,1
86D1,1
87B1,2
87C1,2
87D1,2
88B1,2
88C1,3
88D1,2
89B1,3
89C1,2
89D1,2
90B1,2
90D1,2
90C1,2
91B1,3
91D1,2
92C1,2
93B1,2
93C1,2
93D1,2
95B1,2
95C1,2
95D1,2
96C1,2
96D1,2
97B1,1
97C1,1
97D1,1
98B1,1
98C1,1
98D1,1
99B1,2
99C1,2
99D1,2
100B1,2
100C1,2
101B1,2
101C1,2
101D1,2
102B1,3
102C1,2
102D1,2
103C1,2
103D1,2
104B1,2
104C1,2
104D1,2
105B1,1
105C1,1
105D1,1
106B1,3
106C1,2
106D1,3
108B1,2
108C1,2
108D1,2
109B1,2
109C1,2
109D1,2
110B1,2
110C1,2
110D1,2
111B1,1
111C1,1
111D1,1
112B1,2
112C1,2
112D1,2
113B1,1
113C1,1
113D1,1
114B1,2
114C1,1
114D1,1
115B1,2
115C1,2
115D1,2
116B1,3
116C1,2
117B1,2
117C1,2
117D1,2
118B1,2
118D1,2
119C1,2
120B1,1
120C1,1
120D1,1
121B1,2
121C1,2
121D1,2
122B1,2
122C1,2
122D1,2
123C1,2
124B1,2
124C1,2
124D1,2
125B1,2
125C1,1
125D1,1
126C1,2
126D1,2
127C1,2
127D1,2
128B1,2
128C1,2
128D1,2
129B1,2
129C1,2
129D1,2
130B1,2
130C1,2
130D1,2
131B1,2
131D1,2
132B1,2
132C1,2
133B1,2
133C1,2
133D1,2
134B1,2
134C1,2
134D1,2
135B1,2
135C1,2
135D1,2
136B1,3
136C1,2
136D1,2
137B1,1
137C1,1
137D1,1
138B1,2
138C1,2
138D1,2
139B1,2
139D1,2
140B1,1
140C1,1
140D1,1
141B1,1
141C1,1
141D1,1
142B1,1
142C1,1
142D1,1
143B1,2
143C1,2
143D1,2
144B1,2
144C1,2
144D1,2
145C1,2
145D1,2
146B1,2
146C1,2
146D1,2
147B1,2
147C1,2
147D1,2
148B1,2
148C1,2
148D1,2
149B1,2
149C1,2
149D1,2
150B1,2
150C1,2
150D1,2
151B1,2
151C1,2
151D1,2
152B1,2
152C1,2
152D1,2
153B1,2
153C1,2
154B1,2
154C1,2
154D1,2
155B1,2
155C1,2
155D1,2
156B1,2
156C1,2
156D1,3
157B1,2
157C1,2
157D1,2
158D1,3
159B1,2
159D1,2
160B1,2
160C1,2
160D1,2
161B1,2
161C1,2
161D1,2
162B1,2
162C1,2
162D1,2
163B1,3
163C1,2
163D1,3
164B1,1
164C1,1
164D1,1
165B1,2
165C1,2
165D1,2
166B1,3
166C1,2
166D1,2
167B1,1
167C1,1
167D1,1
168C1,2
169B1,3
169C1,2
169D1,2
170B1,2
170C1,1
170D1,1
171B1,2
171C1,2
171D1,2
172B1,2
172C1,3
172D1,2
173B1,2
173C1,2
173D1,3
174B1,2
174C1,2
174D1,2
175B1,2
175C1,2
175D1,2
176B1,2
176C1,2
176D1,2
177B1,2
177C1,2
177D1,2
178B1,3
178C1,3
178D1,2
179C1,2
179D1,2
179B1,2
180B1,2
180C1,2
180D1,2
181B1,2
181C1,2
181D1,2
182B1,2
182C1,2
182D1,1
183B1,2
183C1,2
183D1,2
184B1,2
184C1,2
184D1,2
185B1,2
185C1,2
186B1,2
186C1,2
186D1,2
187B1,2
187C1,2
187D1,2
188B1,2
188C1,2
188D1,2
189B1,2
189C1,2
189D1,2
190B1,2
190C1,2
190D1,2
191B1,3
191C1,3
191D1,2
192B1,2
192C1,2
192D1,2
193B1,2
193C1,2
193D1,2
194C1,2
194D1,2
195B1,1
195C1,1
195D1,2
196B1,2
196D1,2
197B1,2
197C1,2
197D1,2
198B1,2
198C1,2
198D1,2
199B1,2
199D1,2
200B1,2
200C1,2
200D1,2
201B1,1
201C1,2
201D1,2
202B1,2
202C1,2
202D1,2
203B1,2
203C1,2
203D1,3
204B1,2
204D1,2
206B1,2
206C1,2
206D1,2
207C1,2
207D1,2
208B1,2
208C1,2
208D1,2
209D1,2
211B1,2
211C1,2
211D1,2
212B1,2
212C1,2
212D1,2
213B1,2
213D1,2
214B1,2
214C1,2
214D1,3
215B1,2
215C1,2
215D1,2
217B1,2
217C1,2
217D1,2
218B1,2
218C1,3
218D1,2
219B1,2
219C1,2
219D1,2
220B1,2
220C1,2
221B1,2
221C1,2
221D1,3
222C1,2
222D1,2
224B1,2
224C1,2
225D1,2
225B1,2
225C1,2
226B1,2
226D1,2
227B1,2
227D1,2
228B1,2
228C1,2
228D1,3
229B1,3
229D1,3
230C1,3
230D1,2
232B1,2
232C1,2
233B1,2
233C1,2
234B1,3
235B1,2
235D1,2
236B1,3
236D1,2
237B1,2
237C1,2
237D1,2
238B1,2
239B1,2
239C1,2
239D1,2
240B1,2
240C1,2
240D1,2
241B1,2
241C1,2
241D1,2
242B1,2
242D1,2
243C1,2
243D1,2
244C1,2
244D1,2
245C1,2
245D1,2
246B1,2
246C1,2
248B1,2
248D1,3
249B1,2
249C1,2
249D1,2
250B1,2
250C1,2
251B1,2
251C1,2
251D1,2
252B1,2
252C1,2
252D1,1
253C1,2
253D1,2
254B1,2
254C1,2
254D1,2
255B1,3
255D1,3
256B1,3
256C1,3
256D1,3
257C1,2
258B1,3
259B1,2
259C1,2
259D1,2
260B1,2
260C1,2
260D1,3
261B1,1
261C1,1
261D1,1
262D1,2
263B1,2
264B1,2
264C1,2
264D1,2
266B1,2
266C1,5
266D1,2
267B1,2
267C1,2
267D1,2
269B1,2
269C1,2
270B1,2
270C1,2
270D1,2
271B1,2
271C1,2
271D1,2
272B1,3
272C1,2
273B1,2
273C1,2
273D1,2
274B1,2
274D1,2
275C1,2
275D1,2
277B1,2
277C1,2
277D1,2
278B1,2
278C1,2
278D1,3
279B1,2
279C1,2
279D1,2
280B1,2
280C1,2
280D1,2
283B1,2
283C1,2
283D1,2
284B1,2
284C1,2
284D1,2
285C1,2
286C1,2
286D1,2
287B1,2
287C1,2
287D1,2
288B1,2
288D1,2
289C1,2
290B1,3
290C1,2
290D1,2
291C1,2
291D1,2
292B1,1
292C1,1
292D1,1
293B1,1
293C1,2
293D1,2
294D1,2
295B1,1
295C1,1
295D1,1
296C1,5
297B1,2
297C1,3
297D1,3
298B1,3
298C1,2
298D1,2
299B1,2
299C1,2
299D1,2
300B1,2
300D1,2
302B1,1
302C1,1
302D1,1
303B1,2
303C1,2
304B1,2
304C1,3
304D1,2
305B1,2
305C1,2
305D1,2
306B1,2
306C1,2
306D1,2
307B1,2
307D1,2
308B1,2
308C1,2
308D1,2
309B1,2
309C1,2
309D1,2
310B1,2
310C1,2
311B1,2
311C1,2
311D1,2
312C1,2
312D1,2
314B1,2
314C1,2
314D1,2
315B1,3
315C1,2
315D1,2
316B1,1
316C1,1
316D1,2
317B1,1
317C1,1
317D1,1
318C1,2
318D1,2
319B1,2
319C1,2
319D1,2
320B1,2
320C1,2
320D1,2
321B1,2
321C1,1
321D1,1
322B1,2
323B1,1
323C1,1
323D1,1
324B1,2
324C1,2
324D1,3
325B1,2
325C1,2
325D1,2
326D1,2
329B1,2
329C1,2
329D1,2
330B1,2
330C1,2
330D1,2
332B1,2
332C1,2
332D1,2
333B1,2
333C1,2
333D1,2
335B1,2
335C1,2
335D1,3
336B1,2
336C1,2
336D1,2
337B1,2
337C1,2
337D1,2
338B1,2
338C1,2
338D1,2
339B1,2
339C1,2
339D1,2
340B1,1
340C1,1
340D1,1
342B1,2
342C1,2
342D1,2
343B1,2
343C1,2
343D1,2
344C1,2
345B1,2
345C1,2
345D1,2
346B1,2
346D1,2
347B1,1
347C1,1
347D1,1
349C1,3
349D1,2
350B1,2
351B1,2
351C1,2
351D1,2
353B1,2
353C1,2
353D1,2
355B1,2
356B1,3
356C1,3
356D1,2
357B1,3
357C1,2
357D1,2
358B1,2
358C1,1
358D1,2
359B1,2
359C1,2
359D1,3
360B1,2
360D1,2
361B1,2
361C1,3
361D1,2
362C1,2
362D1,2
363B1,2
363C1,2
364B1,2
364C1,2
365D1,2
366B1,2
366C1,2
367B1,1
367C1,1
367D1,1
368B1,2
368C1,2
368D1,2
369B1,2
369C1,2
369D1,2
370B1,2
370C1,2
370D1,2
371C1,2
371D1,2
372B1,2
372C1,2
372D1,2
373B1,2
373C1,2
373D1,2
374B1,2
374C1,2
374D1,2
375B1,2
375D1,2
376B1,1
376C1,1
376D1,1
377B1,2
377D1,2
378B1,2
378C1,2
378D1,2
379C1,2
379D1,2
380B1,2
380C1,2
380D1,2
381B1,2
381C1,2
381D1,2
382B1,2
382C1,2
382D1,2
383C1,2
383D1,2
384B1,2
384C1,2
384D1,2
385B1,2
385C1,2
385D1,2
386B1,2
386C1,2
386D1,2
387B1,2
388B1,1
388C1,1
388D1,2
389C1,2
390B1,2
390C1,2
390D1,2
391B1,2
391C1,2
391D1,3
392C1,2
393B1,3
393C1,3
394B1,2
394D1,2
395B1,2
395C1,2
395D1,2
396B1,1
396C1,1
396D1,1
397D1,2
398D1,2
399C1,2
399D1,2
400B1,2
400C1,2
401B1,6
401C1,6
401D1,6
402B1,6
402C1,6
402D1,6
403B1,6
403C1,6
403D1,6
404B1,6
404C1,5
404D1,6
405B1,5
405C1,6
405D1,6
406B1,5
406C1,6
406D1,6
407B1,5
407D1,5
408B1,5
408C1,6
408D1,6
409D1,4
410B1,5
410C1,5
410D1,5
411B1,5
411C1,5
411D1,5
412B1,6
412C1,6
412D1,5
413B1,6
413C1,4
413D1,5
414B1,6
414C1,6
414D1,6
415B1,6
415C1,5
415D1,6
416B1,5
416C1,5
416D1,5
417B1,5
417C1,5
417D1,6
418B1,5
418D1,5
419B1,4
419C1,4
419D1,5
420B1,5
420C1,4
420D1,5
421B1,5
421C1,4
421D1,5
422B1,5
422C1,5
423C1,5
423D1,5
424D1,5
424B1,5
424C1,6
425B1,5
425C1,5
425D1,5
429B1,4
429C1,4
429D1,4
432B1,5
432C1,4
432D1,4
433B1,5
435C1,5
436B1,4
436C1,4
436D1,4
437B1,4
437C1,4
437D1,4
438B1,4
438C1,4
439B1,4
439C1,4
439D1,4
440C1,4
440D1,4
1B2,2
1C2,2
1D2,2
2C2,2
2D2,2
3B2,2
3C2,2
3D2,2
4B2,2
4C2,2
4D2,2
5B2,2
5C2,2
5D2,2
6B2,2
6C2,2
6D2,2
7B2,2
7C2,2
7D2,2
8B2,2
8C2,2
9B2,2
9C2,2
9D2,2
10B2,2
10C2,2
10D2,2
11B2,2
11C2,2
11D2,2
12B2,2
12C2,2
12D2,2
13B2,2
13C2,2
13D2,2
14B2,2
14C2,2
14D2,2
15B2,2
15C2,2
15D2,2
16B2,1
16C2,1
16D2,1
17B2,2
17C2,2
17D2,2
18B2,2
18C2,2
18D2,2
19B2,2
19C2,2
19D2,2
20B2,2
20D2,3
21C2,2
21D2,3
23B2,2
23C2,2
23D2,3
24B2,3
24C2,2
24D2,2
25B2,2
25C2,2
25D2,2
26B2,2
26C2,2
26D2,2
27B2,2
27C2,2
27D2,2
28C2,2
29B2,2
29C2,2
29D2,2
30B2,1
30C2,1
30D2,1
31D2,2
32C2,2
32D2,2
33B2,2
33C2,2
33D2,2
34B2,2
34C2,2
34D2,2
35B2,2
35C2,2
35D2,2
36B2,2
36C2,2
36D2,2
37B2,1
37C2,1
37D2,1
38B2,2
38C2,2
38D2,2
39C2,2
39D2,2
40B2,2
40C2,2
40D2,2
41B2,2
41C2,2
41D2,2
42B2,3
42C2,2
42D2,2
43B2,2
43C2,2
43D2,2
44B2,2
44C2,2
44D2,2
45B2,1
45C2,1
45D2,2
46C2,2
46D2,2
47B2,2
47C2,2
47D2,3
48B2,3
48C2,2
48D2,2
49B2,2
49D2,2
50B2,2
50C2,2
50D2,3
51C2,2
52B2,2
52C2,2
52D2,2
53B2,2
53C2,2
53D2,2
54B2,2
54C2,2
54D2,2
55B2,1
55C2,1
55D2,1
56B2,2
56D2,2
57D2,2
58B2,2
58C2,2
58D2,2
59B2,2
59C2,3
59D2,2
60B2,2
60C2,3
60D2,3
61B2,2
61C2,2
61D2,2
62B2,2
62C2,2
62D2,2
63B2,2
63C2,2
63D2,2
64B2,1
64C2,1
64D2,1
65B2,2
65C2,2
65D2,2
66B2,2
66C2,2
67B2,1
67C2,1
67D2,1
68B2,2
68C2,2
68D2,3
69B2,1
69C2,1
69D2,2
70B2,2
70C2,2
70D2,2
71B2,2
71C2,2
71D2,2
72B2,2
72C2,2
73B2,1
73C2,1
73D2,1
74B2,2
74C2,2
74D2,2
75B2,2
75C2,2
75D2,2
76B2,2
76D2,2
77B2,3
77C2,3
77D2,3
78B2,2
78C2,2
78D2,2
79B2,3
79C2,3
79D2,3
80B2,2
80C2,2
80D2,2
81B2,2
81C2,2
81D2,3
82B2,2
82C2,2
82D2,2
83B2,2
83C2,2
83D2,2
84B2,2
84C2,2
85B2,2
85C2,2
85D2,3
86B2,1
86C2,2
86D2,1
87B2,2
87D2,2
88B2,2
88C2,2
88D2,2
89B2,3
89C2,3
90B2,2
90C2,2
90D2,2
91B2,2
91C2,2
91D2,2
92C2,2
93B2,2
93C2,2
93D2,2
94B2,2
94D2,2
95B2,2
95C2,2
96B2,3
96C2,2
96D2,2
97B2,1
97C2,1
97D2,1
98B2,2
98C2,2
98D2,2
100B2,2
100C2,3
100D2,3
101B2,2
101C2,2
101D2,2
102B2,2
102C2,2
103B2,2
103C2,2
103D2,2
104B2,2
104C2,2
104D2,3
105B2,1
105C2,1
105D2,1
106B2,3
106C2,2
106D2,2
107D2,2
108C2,2
108D2,2
109B2,2
109C2,1
109D2,1
110B2,2
110C2,2
110D2,2
111B2,1
111C2,1
111D2,1
112B2,2
112C2,2
112D2,2
113B2,1
113C2,1
113D2,1
114B2,2
114C2,2
114D2,2
115B2,2
115C2,2
115D2,2
116B2,2
116C2,2
116D2,2
117B2,2
117C2,2
117D2,2
118B2,2
118C2,2
118D2,2
119B2,2
119C2,2
119D2,2
120B2,1
120C2,1
120D2,1
121B2,2
121C2,2
121D2,2
122B2,2
122C2,2
122D2,2
123B2,2
123C2,2
123D2,3
124B2,2
124C2,2
124D2,2
125B2,1
125C2,1
125D2,2
126B2,3
126C2,2
126D2,2
127B2,2
127C2,2
127D2,2
128B2,2
128C2,2
129B2,2
129C2,2
130B2,2
130C2,2
130D2,2
131B2,2
131C2,2
131D2,2
132B2,2
132C2,2
132D2,2
133B2,2
133C2,2
133D2,2
134B2,2
134C2,2
134D2,2
135B2,2
135C2,2
135D2,2
136B2,2
136C2,2
136D2,2
137B2,1
137C2,1
137D2,2
138B2,2
138C2,2
138D2,2
139B2,2
139C2,2
139D2,2
140B2,1
140C2,1
140D2,1
141B2,1
141C2,1
141D2,1
142B2,1
142C2,1
142D2,1
143B2,2
143C2,3
143D2,2
144B2,2
144C2,2
144D2,2
145C2,2
145D2,2
146C2,2
146D2,2
147B2,1
147C2,2
147D2,2
148B2,1
148C2,2
148D2,1
149B2,2
149C2,2
149D2,2
150B2,2
150C2,2
150D2,2
151C2,2
152B2,2
152C2,2
152D2,2
153B2,2
153C2,2
154B2,2
154C2,2
154D2,2
155B2,2
155C2,2
155D2,2
156B2,2
156C2,2
156D2,3
157B2,2
157C2,2
157D2,2
158C2,2
158D2,2
159B2,2
159C2,2
160B2,2
160C2,2
160D2,1
161B2,2
161C2,2
161D2,2
162B2,2
162C2,2
162D2,2
163B2,2
163C2,2
163D2,2
164B2,1
164C2,1
164D2,1
165B2,2
165C2,2
165D2,2
166B2,2
166C2,2
166D2,2
167B2,2
167C2,1
167D2,1
168B2,2
168C2,2
169B2,2
169C2,2
169D2,2
170B2,1
170C2,1
170D2,2
171B2,2
171C2,2
171D2,2
172B2,2
172C2,2
172D2,2
173B2,2
173C2,2
173D2,2
174C2,2
174D2,2
175B2,2
175C2,2
175D2,2
176B2,2
176C2,2
176D2,2
177B2,2
177C2,2
177D2,2
178B2,2
178C2,3
179B2,3
179C2,3
179D2,3
180C2,2
180D2,2
181B2,2
181C2,2
181D2,2
182B2,2
182C2,2
182D2,1
183B2,2
183C2,2
183D2,2
184B2,2
184C2,2
184D2,2
185B2,2
185C2,2
185D2,2
186B2,2
186C2,2
186D2,2
187B2,2
187C2,2
187D2,1
188B2,2
188C2,2
188D2,3
189B2,2
189C2,2
190B2,2
190C2,3
190D2,2
191B2,2
191C2,2
191D2,2
192B2,2
192C2,2
192D2,2
193C2,2
193D2,2
194B2,2
194C2,2
194D2,2
195B2,2
195C2,2
195D2,2
196D2,2
197B2,2
197C2,2
197D2,2
198B2,2
198C2,2
198D2,2
199B2,2
199D2,2
200C2,2
200D2,2
201B2,1
201C2,1
201D2,1
202B2,2
202C2,2
202D2,2
203B2,3
203C2,2
203D2,2
204B2,5
204D2,2
205B2,2
205C2,2
205D2,2
206B2,2
206D2,2
207C2,2
207D2,2
208B2,2
208C2,2
208D2,2
209C2,2
209D2,2
210B2,2
211B2,2
211C2,2
211D2,2
212B2,2
212C2,2
212D2,2
213B2,2
213C2,2
214B2,2
214C2,2
214D2,2
215B2,2
215C2,2
216B2,2
216C2,2
216D2,2
217B2,2
217C2,2
217D2,2
218C2,2
218D2,2
219C2,3
219A2,2
220C2,2
220D2,2
221C2,2
221D2,2
222B2,2
222C2,2
222D2,2
223B2,2
223C2,2
223D2,2
224B2,2
224C2,5
224D2,5
225B2,2
225C2,2
227B2,2
227D2,2
228B2,3
228C2,2
228D2,2
229B2,3
229C2,3
229D2,3
231B2,2
231D2,2
232C2,2
232D2,3
233B2,2
233C2,2
233D2,2
234B2,2
235D2,2
236B2,2
236C2,2
236D2,2
237B2,2
237C2,2
237D2,1
238D2,2
239B2,2
239C2,2
239D2,2
240B2,2
241B2,2
241C2,2
241D2,2
242B2,2
242C2,2
242D2,2
243B2,2
243C2,2
243D2,2
244D2,2
245D2,2
246B2,3
246C2,2
246D2,3
248D2,2
249C2,2
249D2,2
250B2,2
250C2,2
250D2,2
251B2,2
251D2,2
252B2,2
252C2,2
252D2,2
253B2,2
253C2,2
253D2,2
254B2,2
254C2,2
254D2,2
255B2,2
255C2,2
255D2,2
256B2,3
256C2,3
256D2,3
257B2,2
257C2,2
257D2,2
258C2,3
258D2,2
259B2,2
259C2,2
259D2,2
260B2,2
260D2,3
261B2,1
261C2,1
261D2,1
262B2,2
262C2,2
262D2,2
263B2,2
263C2,2
263D2,2
264C2,2
265B2,2
265C2,2
265D2,2
266B2,2
266C2,2
266D2,2
267B2,2
267C2,2
267D2,2
269C2,2
270B2,2
270C2,2
270D2,2
271B2,2
271C2,2
271D2,2
273B2,4
275C2,2
275D2,2
277B2,2
277C2,2
277D2,2
278B2,3
278D2,2
279B2,2
279C2,2
279D2,2
280B2,2
280D2,2
281B2,2
281C2,2
282B2,2
282C2,2
282D2,2
283B2,2
283D2,2
284B2,2
284C2,3
284D2,2
285B2,2
285C2,2
285D2,2
286C2,2
288B2,2
288C2,2
288D2,3
289C2,2
290B2,2
290C2,2
290D2,2
291B2,3
291C2,2
292B2,1
292C2,1
292D2,1
293B2,2
293C2,2
293D2,2
294C2,2
295B2,1
295C2,1
295D2,1
296C2,2
297B2,2
297C2,3
297D2,3
298B2,3
298C2,2
298D2,2
299B2,2
299D2,2
300B2,2
300C2,2
300D2,2
301D2,2
302B2,1
302C2,1
302D2,1
303D2,2
304C2,2
304D2,2
305B2,2
305C2,2
305D2,2
306B2,2
306C2,2
306D2,2
307B2,2
307C2,2
307D2,2
308D2,2
309D2,2
310C2,2
311B2,2
311C2,2
311D2,2
312C2,2
312D2,2
313B2,2
313C2,2
313D2,2
314B2,2
314C2,2
315B2,3
315C2,3
315D2,3
316B2,1
316C2,2
316D2,2
317B2,1
317C2,2
317D2,2
318B2,2
318C2,3
318D2,2
319B2,2
320B2,1
320C2,1
320D2,2
321B2,1
321C2,1
321D2,1
322B2,3
322C2,2
322D2,2
323B2,1
323C2,1
323D2,1
324B2,2
324C2,2
324D2,2
325B2,2
325C2,2
325D2,2
327B2,2
327C2,2
327D2,3
328B2,2
328D2,2
329B2,2
329C2,2
329D2,2
330B2,2
330C2,2
331B2,2
332B2,2
333B2,2
333C2,3
333D2,2
335B2,2
335C2,2
335D2,2
336B2,3
336C2,2
336D2,2
337B2,2
337C2,2
337D2,2
338B2,2
338C2,2
338D2,2
340B2,1
340C2,1
340D2,1
342B2,2
342C2,2
342D2,2
343B2,2
343C2,2
343D2,2
344B2,2
344C2,2
344D2,2
345B2,2
345C2,2
345D2,2
346B2,2
346C2,2
346D2,2
347B2,1
347C2,1
347D2,1
348B2,2
348C2,2
348D2,2
349B2,2
349C2,3
349D2,2
350B2,2
350C2,2
350D2,2
351D2,2
352B2,2
352C2,2
352D2,2
353B2,2
353C2,2
353D2,2
354B2,3
354C2,2
354D2,2
355D2,2
356C2,3
356D2,2
357C2,2
358B2,1
358C2,1
358D2,1
359B2,3
359D2,3
361B2,2
361C2,2
361D2,2
362B2,2
362C2,2
363B2,2
363D2,2
364B2,2
364C2,2
365B2,2
365C2,2
366B2,2
366C2,2
366D2,2
367B2,1
367C2,1
367D2,1
368D2,2
369B2,2
369C2,2
369D2,2
370C2,2
371B2,3
371C2,2
371D2,2
372B2,2
372C2,2
372D2,2
373C2,2
373D2,3
374B2,2
374C2,2
374D2,2
376B2,1
376C2,1
376D2,1
377B2,2
377D2,2
378B2,2
378C2,2
378D2,2
379B2,2
379C2,2
380B2,2
380C2,2
380D2,2
381C2,2
381D2,2
382C2,2
382D2,2
383B2,2
383C2,3
383D2,2
384B2,2
384D2,2
385B2,2
385C2,2
385D2,2
386B2,2
386C2,2
386D2,2
388B2,1
388C2,1
388D2,1
389B2,3
389C2,2
389D2,2
390B2,2
390C2,2
390D2,2
391B2,3
391D2,2
392B2,2
392C2,2
393D2,2
394C2,2
395C2,3
395D2,2
396B2,1
396C2,1
396D2,1
397B2,2
397C2,2
397D2,2
399B2,2
399C2,2
400B2,2
400C2,2
400D2,2
429B2,5
429C2,4
429D2,4
432B2,4
432C2,4
432D2,4
435B2,5
435C2,5
436B2,4
436C2,4
436D2,4
437B2,4
437C2,4
437D2,4
438B2,4
438C2,4
438D2,4
439B2,4
439C2,4
439D2,4
440B2,4
440C2,4
440D2,4
407B2,4
407C2,4
407D2,6
408B2,5
408C2,6
409B2,4
409C2,5
409D2,5
410B2,6
410C2,5
410D2,6
411C2,5
411D2,5
412C2,5
412D2,5
413C2,5
413D2,5
414B2,6
414C2,5
414D2,6
415B2,5
415C2,5
415D2,6
416B2,5
416C2,5
416D2,5
417B2,6
417C2,5
417D2,6
418B2,4
418C2,5
418D2,4
419B2,5
419C2,5
419D2,5
420B2,6
420C2,5
420D2,6
421B2,4
421C2,6
421D2,5
422B2,5
422C2,6
422D2,5
423B2,5
423D2,5
424B2,5
424C2,5
424D2,6
425B2,5
425C2,6
425D2,4
401B2,6
403B2,5
403C2,5
404B2,6
404C2,6
404D2,6
405B2,6
405C2,6
405D2,6
406B2,6
406C2,6
406D2,6
1A2,2
3A2,2
4A2,2
5A2,2
6A2,2
7A2,2
8A2,2
9A2,2
10A2,2
11A2,2
12A2,2
13A2,2
14A2,2
15A2,2
16A2,1
17A2,2
18A2,2
19A2,2
20A2,2
21A2,2
23A2,2
24A2,2
25A2,2
26A2,2
27A2,3
28A2,2
29A2,2
30A2,1
32A2,2
33A2,2
34A2,2
35A2,2
36A2,2
37A2,1
38A2,2
39A2,2
40A2,2
41A2,3
42A2,2
43A2,2
44A2,2
45A2,1
47A2,2
48A2,2
49A2,2
50A2,3
53A2,2
54A2,3
55A2,1
56A2,2
57A2,2
58A2,2
59A2,2
62A2,2
63A2,2
64A2,1
65A2,2
67A2,2
68A2,2
69A2,2
70A2,2
71A2,2
73A2,1
74A2,2
75A2,2
76A2,2
77A2,2
78A2,2
79A2,3
80A2,2
81A2,3
82A2,2
83A2,2
84A2,2
85A2,2
86A2,2
87A2,2
88A2,2
89A2,3
90A2,2
93A2,2
95A2,2
97A2,1
98A2,2
99A2,2
100A2,2
101A2,2
102A2,2
103A2,2
104A2,2
105A2,1
106A2,2
108A2,2
109A2,2
110A2,2
111A2,1
112A2,2
113A2,1
114A2,2
115A2,2
116A2,2
117A2,2
119A2,2
120A2,1
121A2,2
122A2,2
123A2,2
124A2,2
125A2,1
127A2,2
128A2,2
129A2,2
130A2,2
131A2,2
132A2,2
133A2,3
134A2,2
135A2,2
136A2,2
137A2,1
138A2,2
139A2,2
140A2,1
141A2,1
142A2,1
143A2,2
144A2,2
146A2,2
147A2,2
148A2,2
149A2,2
150A2,2
152A2,2
153A2,2
154A2,2
155A2,2
156A2,2
157A2,2
158A2,2
159A2,2
160A2,2
161A2,2
162A2,2
163A2,2
164A2,1
165A2,2
167A2,2
168A2,2
169A2,2
170A2,1
171A2,2
172A2,2
173A2,2
174A2,2
175A2,2
176A2,2
177A2,2
178A2,2
179A2,3
180A2,2
182A2,1
183A2,2
184A2,2
185A2,2
187A2,2
188A2,2
189A2,2
190A2,2
191A2,2
193A2,2
194A2,2
195A2,2
197A2,2
198A2,2
199A2,2
200A2,2
201A2,1
202A2,2
203A2,2
205A2,3
206A2,2
207A2,2
208A2,2
209A2,2
211A2,3
213A2,2
214A2,2
215A2,2
216A2,2
217A2,2
219B2,2
221A2,2
222A2,2
224A2,2
225A2,2
228A2,2
229A2,3
230A2,2
231A2,2
232A2,3
233A2,2
235A2,2
236A2,3
237A2,2
238A2,2
239A2,2
240A2,2
241A2,2
242A2,2
243A2,2
248A2,2
249A2,2
250A2,2
251A2,2
252A2,2
253A2,2
254A2,2
255A2,2
256A2,2
257A2,2
258A2,2
259A2,2
260A2,3
261A2,1
262A2,2
263A2,2
264A2,2
265A2,2
266A2,2
267A2,2
269A2,2
271A2,2
273A2,2
274A2,2
275A2,2
276A2,2
277A2,2
278A2,3
279A2,2
280A2,2
282A2,2
283A2,2
284A2,2
285A2,2
286A2,2
288A2,2
289A2,2
290A2,2
292A2,1
293A2,2
295A2,1
297A2,2
298A2,2
299A2,2
300A2,2
301A2,2
302A2,1
303A2,2
304A2,2
305A2,2
306A2,3
307A2,2
308A2,2
309A2,2
310A2,2
311A2,2
312A2,3
313A2,2
315A2,3
316A2,1
317A2,2
318A2,3
319A2,2
320A2,1
321A2,1
322A2,2
323A2,1
324A2,2
325A2,2
326A2,2
327A2,2
329A2,2
332A2,2
333A2,2
335A2,3
336A2,2
337A2,2
338A2,1
340A2,1
341A2,2
342A2,2
343A2,2
344A2,2
345A2,2
346A2,2
347A2,1
348A2,2
349A2,2
350A2,2
351A2,2
352A2,2
353A2,2
354A2,3
355A2,3
356A2,2
357A2,2
358A2,1
359A2,3
360A2,2
361A2,2
362A2,2
363A2,2
364A2,2
365A2,2
367A2,1
368A2,2
369A2,2
370A2,2
371A2,2
372A2,2
373A2,2
374A2,2
376A2,1
377A2,2
378A2,2
379A2,2
381A2,2
382A2,2
383A2,2
384A2,3
385A2,2
386A2,2
388A2,1
389A2,2
390A2,2
391A2,3
392A2,2
393A2,2
394A2,2
395A2,2
396A2,1
397A2,2
398A2,2
399A2,2
429A2,4
432A2,4
435A2,5
436A2,4
437A2,4
438A2,4
439A2,4
440A2,4
407A2,5
408A2,5
409A2,5
410A2,5
411A2,5
412A2,5
413A2,6
414A2,6
415A2,5
416A2,5
417A2,6
418A2,5
419A2,5
420A2,6
421A2,5
422A2,5
423A2,5
424A2,5
425A2,5
401A2,6
404A2,6
405A2,6
406A2,6
